P001,LIRIL,SOAP,23
P002,AIRIL,SOAP,34
P003,LIRIL,SOAP,45
P004,AIRIL,SOAP,56
P005,LIRIL,SOAP,67
P006,AIRIL,SOAP,78
P007,LIRIL,SOAP,89
P008,AIRIL,SOAP,100
P009,LIRIL,SOAP,111
P010,AIRIL,SOAP,122
P011,LIRIL,SOAP,133
P012,AIRIL,SOAP,144
P013,LIRIL,SOAP,155
P014,AIRIL,SOAP,166
P015,LIRIL,SOAP,177
P016,AIRIL,SOAP,188
P017,LIRIL,SOAP,199
P018,AIRIL,SOAP,210
P019,LIRIL,SOAP,221
P020,AIRIL,SOAP,232
P021,LIRIL,SOAP,243
P022,AIRIL,SOAP,254
P023,LIRIL,SOAP,265
P024,AIRIL,SOAP,276
P025,LIRIL,SOAP,287
P026,AIRIL,SOAP,298
P027,LIRIL,SOAP,309
P028,AIRIL,SOAP,320
P029,LIRIL,SOAP,331
P030,AIRIL,SOAP,342
P031,LIRIL,SOAP,353
P032,AIRIL,SOAP,364
P033,LIRIL,SOAP,375
P034,AIRIL,SOAP,386
P035,LIRIL,SOAP,397
P036,AIRIL,SOAP,408
P037,LIRIL,SOAP,419
P038,AIRIL,SOAP,430
P039,LIRIL,SOAP,441
P040,AIRIL,SOAP,452
P041,LIRIL,SOAP,463
P042,AIRIL,SOAP,474
P043,LIRIL,SOAP,485
P044,AIRIL,SOAP,496
P045,LIRIL,SOAP,507
P046,AIRIL,SOAP,518
P047,LIRIL,SOAP,529
P048,AIRIL,SOAP,540
P049,LIRIL,SOAP,551
P050,AIRIL,SOAP,562
P051,LIRIL,SOAP,573
P052,AIRIL,SOAP,584
P053,LIRIL,SOAP,595
P054,AIRIL,SOAP,606
P055,LIRIL,SOAP,617
P056,AIRIL,SOAP,628
P057,LIRIL,SOAP,639
P058,AIRIL,SOAP,650
P059,LIRIL,SOAP,661
P060,AIRIL,SOAP,672
P061,LIRIL,SOAP,683
P062,AIRIL,SOAP,694
P063,LIRIL,SOAP,705
P064,AIRIL,SOAP,716
P065,LIRIL,SOAP,727
P066,AIRIL,SOAP,738
P067,LIRIL,SOAP,749
P068,AIRIL,SOAP,760
P069,LIRIL,SOAP,771
P070,AIRIL,SOAP,782
P071,LIRIL,SOAP,793
P072,AIRIL,SOAP,804
P073,LIRIL,SOAP,815
P074,AIRIL,SOAP,826
P075,LIRIL,SOAP,837
P076,AIRIL,SOAP,848
P077,LIRIL,SOAP,859
P078,AIRIL,SOAP,870
P079,LIRIL,SOAP,881
P080,AIRIL,SOAP,892
P081,LIRIL,SOAP,903
P082,AIRIL,SOAP,914
P083,LIRIL,SOAP,925
P084,AIRIL,SOAP,936
P085,LIRIL,SOAP,947
P086,AIRIL,SOAP,958
P087,LIRIL,SOAP,969
P088,AIRIL,SOAP,980
P089,LIRIL,SOAP,991
P090,AIRIL,SOAP,1002
P091,LIRIL,SOAP,1013
P092,AIRIL,SOAP,1024
P093,LIRIL,SOAP,1035
P094,AIRIL,SOAP,1046
P095,LIRIL,SOAP,1057
P096,AIRIL,SOAP,1068
P097,LIRIL,SOAP,1079
P098,AIRIL,SOAP,1090
P099,LIRIL,SOAP,1101
P100,AIRIL,SOAP,1112
P101,LIRIL,SOAP,1123
P102,AIRIL,SOAP,1134
P103,LIRIL,SOAP,1145
P104,AIRIL,SOAP,1156
P105,LIRIL,SOAP,1167
P106,AIRIL,SOAP,1178
P107,LIRIL,SOAP,1189
P108,AIRIL,SOAP,1200
P109,LIRIL,SOAP,1211
P110,AIRIL,SOAP,1222
P111,LIRIL,SOAP,1233
P112,AIRIL,SOAP,1244
P113,LIRIL,SOAP,1255
P114,AIRIL,SOAP,1266
P115,LIRIL,SOAP,1277
P116,AIRIL,SOAP,1288
P117,LIRIL,SOAP,1299
P118,AIRIL,SOAP,1310
P119,LIRIL,SOAP,1321
P120,AIRIL,SOAP,1332
P121,LIRIL,SOAP,1343
P122,AIRIL,SOAP,1354
P123,LIRIL,SOAP,1365
P124,AIRIL,SOAP,1376
P125,LIRIL,SOAP,1387
P126,AIRIL,SOAP,1398
P127,LIRIL,SOAP,1409
P128,AIRIL,SOAP,1420
P129,LIRIL,SOAP,1431
P130,AIRIL,SOAP,1442
P131,LIRIL,SOAP,1453
P132,AIRIL,SOAP,1464
P133,LIRIL,SOAP,1475
P134,AIRIL,SOAP,1486
P135,LIRIL,SOAP,1497
P136,AIRIL,SOAP,1508
P137,LIRIL,SOAP,1519
P138,AIRIL,SOAP,1530
P139,LIRIL,SOAP,1541
P140,AIRIL,SOAP,1552
P141,LIRIL,SOAP,1563
P142,AIRIL,SOAP,1574
P143,LIRIL,SOAP,1585
P144,AIRIL,SOAP,1596
P145,LIRIL,SOAP,1607
P146,AIRIL,SOAP,1618
P147,LIRIL,SOAP,1629
P148,AIRIL,SOAP,1640
P149,LIRIL,SOAP,1651
P150,AIRIL,SOAP,1662
P151,LIRIL,SOAP,1673
P152,AIRIL,SOAP,1684
P153,LIRIL,SOAP,1695
P154,AIRIL,SOAP,1706
P155,LIRIL,SOAP,1717
P156,AIRIL,SOAP,1728
P157,LIRIL,SOAP,1739
P158,AIRIL,SOAP,1750
P159,LIRIL,SOAP,1761
P160,AIRIL,SOAP,1772
P161,LIRIL,SOAP,1783
P162,AIRIL,SOAP,1794
P163,LIRIL,SOAP,1805
P164,AIRIL,SOAP,1816
P165,LIRIL,SOAP,1827
P166,AIRIL,SOAP,1838
P167,LIRIL,SOAP,1849
P168,AIRIL,SOAP,1860
P169,LIRIL,SOAP,1871
P170,AIRIL,SOAP,1882
P171,LIRIL,SOAP,1893
P172,AIRIL,SOAP,1904
P173,LIRIL,SOAP,1915
P174,AIRIL,SOAP,1926
P175,LIRIL,SOAP,1937
P176,AIRIL,SOAP,1948
P177,LIRIL,SOAP,1959
P178,AIRIL,SOAP,1970
P179,LIRIL,SOAP,1981
P180,AIRIL,SOAP,1992
P181,LIRIL,SOAP,2003
P182,AIRIL,SOAP,2014
P183,LIRIL,SOAP,2025
P184,AIRIL,SOAP,2036
P185,LIRIL,SOAP,2047
P186,AIRIL,SOAP,2058
P187,LIRIL,SOAP,2069
P188,AIRIL,SOAP,2080
P189,LIRIL,SOAP,2091
P190,AIRIL,SOAP,2102
P191,LIRIL,SOAP,2113
P192,AIRIL,SOAP,2124
P193,LIRIL,SOAP,2135
P194,AIRIL,SOAP,2146
P195,LIRIL,SOAP,2157
P196,AIRIL,SOAP,2168
P197,LIRIL,SOAP,2179
P198,AIRIL,SOAP,2190
P199,LIRIL,SOAP,2201
P200,AIRIL,SOAP,2212
P201,LIRIL,SOAP,2223
P202,AIRIL,SOAP,2234
P203,LIRIL,SOAP,2245
P204,AIRIL,SOAP,2256
P205,LIRIL,SOAP,2267
P206,AIRIL,SOAP,2278
P207,LIRIL,SOAP,2289
P208,AIRIL,SOAP,2300
P209,LIRIL,SOAP,2311
P210,AIRIL,SOAP,2322
P211,LIRIL,SOAP,2333
P212,AIRIL,SOAP,2344
P213,LIRIL,SOAP,2355
P214,AIRIL,SOAP,2366
P215,LIRIL,SOAP,2377
P216,AIRIL,SOAP,2388
P217,LIRIL,SOAP,2399
P218,AIRIL,SOAP,2410
P219,LIRIL,SOAP,2421
P220,AIRIL,SOAP,2432
P221,LIRIL,SOAP,2443
P222,AIRIL,SOAP,2454
P223,LIRIL,SOAP,2465
P224,AIRIL,SOAP,2476
P225,LIRIL,SOAP,2487
P226,AIRIL,SOAP,2498
P227,LIRIL,SOAP,2509
P228,AIRIL,SOAP,2520
P229,LIRIL,SOAP,2531
P230,AIRIL,SOAP,2542
P231,LIRIL,SOAP,2553
P232,AIRIL,SOAP,2564
P233,LIRIL,SOAP,2575
P234,AIRIL,SOAP,2586
P235,LIRIL,SOAP,2597
P236,AIRIL,SOAP,2608
P237,LIRIL,SOAP,2619
P238,AIRIL,SOAP,2630
P239,LIRIL,SOAP,2641
P240,AIRIL,SOAP,2652
P241,LIRIL,SOAP,2663
P242,AIRIL,SOAP,2674
P243,LIRIL,SOAP,2685
P244,AIRIL,SOAP,2696
P245,LIRIL,SOAP,2707
P246,AIRIL,SOAP,2718
P247,LIRIL,SOAP,2729
P248,AIRIL,SOAP,2740
P249,LIRIL,SOAP,2751
P250,AIRIL,SOAP,2762
P251,LIRIL,SOAP,2773
P252,AIRIL,SOAP,2784
P253,LIRIL,SOAP,2795
P254,AIRIL,SOAP,2806
P255,LIRIL,SOAP,2817
P256,AIRIL,SOAP,2828
P257,LIRIL,SOAP,2839
P258,AIRIL,SOAP,2850
P259,LIRIL,SOAP,2861
P260,AIRIL,SOAP,2872
P261,LIRIL,SOAP,2883
P262,AIRIL,SOAP,2894
P263,LIRIL,SOAP,2905
P264,AIRIL,SOAP,2916
P265,LIRIL,SOAP,2927
P266,AIRIL,SOAP,2938
P267,LIRIL,SOAP,2949
P268,AIRIL,SOAP,2960
P269,LIRIL,SOAP,2971
P270,AIRIL,SOAP,2982
P271,LIRIL,SOAP,2993
P272,AIRIL,SOAP,3004
P273,LIRIL,SOAP,3015
P274,AIRIL,SOAP,3026
P275,LIRIL,SOAP,3037
P276,AIRIL,SOAP,3048
P277,LIRIL,SOAP,3059
P278,AIRIL,SOAP,3070
P279,LIRIL,SOAP,3081
P280,AIRIL,SOAP,3092
P281,LIRIL,SOAP,3103
P282,AIRIL,SOAP,3114
P283,LIRIL,SOAP,3125
P284,AIRIL,SOAP,3136
